{"cameraMode":{"drawMode":0,"name":"Shaded","section":"Shading Mode"},"sceneLighting":true,"audioPlay":false,"sceneViewState":{"showFog":true,"showMaterialUpdate":false,"showSkybox":true,"showFlares":true,"showImageEffects":true,"showParticleSystems":true},"in2DMode":false,"pivot":{"x":3.485713243484497,"y":-18.23509407043457,"z":28.581708908081056},"rotation":{"x":0.31022903323173525,"y":0.05073952302336693,"z":-0.01658482849597931,"w":0.949161946773529},"size":37.23720169067383,"orthographic":false}